Market,Session,Trendline Slope
FUSDT,tokyo,-0.0427653359298928
1000TOSHIUSDT,tokyo,-0.0352059052059051
JAILSTOOLUSDT,tokyo,-0.0329256698357824
JELLYJELLYUSDT,tokyo,-0.029011716760061
TAIUSDT,tokyo,-0.0287858627858635
SCAUSDT,tokyo,-0.0268615384615386
BUZZUSDT,tokyo,-0.0249145299145298
MVLUSDT,tokyo,-0.0203487179487173
CLOUDUSDT,tokyo,-0.0193269230769221
