Market,BBW
BUZZUSDT,0.45653464076564537
JELLYJELLYUSDT,0.44427474697368263
1000TOSHIUSDT,0.2025835061025595
SCAUSDT,0.14579986394901745
CLOUDUSDT,0.11188296735878565
TAIUSDT,0.10995866274992074
FUSDT,0.04616839424261936
MVLUSDT,0.02636953713189486
